{
 "format": "neurovat-model/1",
 "device": {
  "key": "v3",
  "label": "ECFET v3 (paper-faithful)",
  "kind": "current",
  "three_terminal": true
 },
 "layer_sizes": [
  4,
  16,
  2
 ],
 "class_names": [
  "0",
  "1"
 ],
 "pot_sign": 1.0,
 "cfg": {
  "grid_h": 2,
  "grid_w": 2,
  "n_out": 2,
  "hidden_layers": [
   16
  ],
  "mode": "supervised",
  "learn_rule": "surrogate",
  "present_ms": 120.0,
  "dt_ms": 1.0,
  "max_rate_hz": 180.0,
  "seed": 4,
  "pattern_set": "xor_aug",
  "encoding": "latency",
  "bg_rate_hz": 0.0,
  "input_noise": 0.2,
  "signal_frac": 1.0,
  "jitter_ms": 3.0,
  "pattern_ms": 0.0
 },
 "neuron": {
  "tau_m": 20.0,
  "v_threshold": 1.0,
  "v_reset": 0.0,
  "v_rest": 0.0,
  "t_refractory": 5.0,
  "tau_syn": 8.0,
  "epsp_gain": 8.0,
  "ipsp_gain": 1.0,
  "inhibition": 0.9,
  "theta_plus": 0.06,
  "tau_theta": 180.0,
  "teacher": 2.6,
  "v_noise": 0.05,
  "hidden_gain": 2.5
 },
 "stdp": {
  "a_plus": 1.0,
  "a_minus": 1.0,
  "tau_pre": 20.0,
  "offset": 0.25,
  "pot_amp": 2.5e-10,
  "dep_amp": 2.5e-10,
  "pulse_width": 0.01,
  "pot_sign": 0.0,
  "sg_lr": 0.12,
  "sg_beta": 5.0
 },
 "controls": {
  "nt_gh": 2,
  "nt_gw": 2,
  "nt_nout": 2,
  "nt_hidden": "16",
  "nt_hidden_gain": 2.5,
  "nt_mode": "supervised",
  "nt_patset": "xor_aug",
  "nt_learnrule": "Surrogate grad (BPTT)",
  "nt_sg_lr": 0.12,
  "nt_epochs": 600,
  "nt_present": 120.0,
  "nt_rate": 180.0,
  "nt_seed": 4,
  "nt_epsp": 8.0,
  "nt_ipsp": 1.0,
  "nt_inhib": 0.9,
  "nt_theta": 0.06,
  "nt_teacher": 2.6,
  "nt_tau_m": 20.0,
  "nt_vth": 1.0,
  "nt_potamp": 250.0,
  "nt_depamp": 250.0,
  "nt_pwidth": 10.0,
  "nt_offset": 0.25,
  "nt_encoding": "latency (TTFS)",
  "nt_bg_rate": 0.0,
  "nt_input_noise": 0.2,
  "nt_signal_frac": 1.0,
  "nt_jitter": 3.0,
  "nt_vnoise": 0.05,
  "nt_pat_ms": 0.0,
  "nt_wnoise": 0.03,
  "nt_ds_res": 14,
  "nt_ds_perclass": 12
 },
 "weights_S": [
  [
   [
    0.0011386891836786682,
    0.00019253187479950016,
    0.000180941984243309,
    0.0011475932028269034
   ],
   [
    0.00012029096732156024,
    0.00012105720796894807,
    0.00012523595960156912,
    0.00012012252495045877
   ],
   [
    0.00014178901909893415,
    0.00012021164521167945,
    0.00012115098254910598,
    0.00012000480019200768
   ],
   [
    0.00012063989652756949,
    0.0002014830180767793,
    0.00012010477974582002,
    0.00012208262893944875
   ],
   [
    0.0001206513644738653,
    0.00012093245503400586,
    0.00012526653370226886,
    0.00012024476906450072
   ],
   [
    0.00012085503170876332,
    0.00012050649550947116,
    0.00012035357634582816,
    0.000982117462104207
   ],
   [
    0.0001894932658736665,
    0.00012219302187399848,
    0.00012102761880982245,
    0.00013005519646001955
   ],
   [
    0.00012110735861835661,
    0.00012133481078882497,
    0.0001276683873386423,
    0.00012022044828202422
   ],
   [
    0.00012071724321773754,
    0.00012089844571101445,
    0.00012864535957472016,
    0.00012020344209999793
   ],
   [
    0.00012000480019200768,
    0.00012000480019200768,
    0.00012107383817658113,
    0.00012000480019200768
   ],
   [
    0.0001208800752845467,
    0.00012130609708164022,
    0.00012633015465483645,
    0.00012018057389519946
   ],
   [
    0.001147836009501145,
    0.00021449577336932595,
    0.0011130702571433865,
    0.00016210166544863237
   ],
   [
    0.00012388084585541816,
    0.00012113142329513323,
    0.00013580639570519277,
    0.00012033049119119108
   ],
   [
    0.00012117130778926093,
    0.00012061522399006412,
    0.00012265727433352936,
    0.00012033305155595772
   ],
   [
    0.00019134054290833544,
    0.0011483950838039917,
    0.0002358062739816092,
    0.001143877959383878
   ],
   [
    0.00022290261679870242,
    0.0011451940592071223,
    0.0011317099119326267,
    0.0001408552644343794
   ]
  ],
  [
   [
    0.0009044475009324745,
    0.00017114747264043535,
    0.00012281277738147766,
    0.0002068766244305395,
    0.00016667764772125375,
    0.0002367823184343092,
    0.00013671492425717033,
    0.00016254469844985406,
    0.00017244511933660223,
    0.00015426905523768374,
    0.00015636858006614466,
    0.0002733182086847018,
    0.00016777050670488413,
    0.00015147174023590266,
    0.0002556008501985766,
    0.0008773293666665199
   ],
   [
    0.0003103637931379362,
    0.0001618705701638346,
    0.0001295680070302575,
    0.0001637703427991389,
    0.0001561634281217713,
    0.00013326157218051027,
    0.00020311048307858497,
    0.0001454630388354106,
    0.00016052201730010316,
    0.00015103771695836689,
    0.00013918740776897636,
    0.0008754641494893626,
    0.0001511220062040078,
    0.00013914718839057956,
    0.000881348473726271,
    0.00024876405114029247
   ]
  ]
 ],